GenericSensorType,1,ObjectType
GenericSensorType_Output,2,Variable
GenericSensorType_Output_Definition,3,Variable
GenericSensorType_Output_ValuePrecision,4,Variable
GenericSensorType_Output_InstrumentRange,5,Unspecified
GenericSensorType_Output_EURange,6,Unspecified
GenericSensorType_Output_EngineeringUnits,7,Unspecified
GenericActuatorType,8,ObjectType
GenericActuatorType_Input,9,Variable
GenericActuatorType_Input_Definition,10,Variable
GenericActuatorType_Input_ValuePrecision,11,Variable
GenericActuatorType_Input_InstrumentRange,12,Unspecified
GenericActuatorType_Input_EURange,13,Unspecified
GenericActuatorType_Input_EngineeringUnits,14,Unspecified
GenericDisplayType,15,ObjectType
GenericDisplayType_Input,16,Variable
GenericDisplayType_Input_Definition,17,Variable
GenericDisplayType_Input_ValuePrecision,18,Variable
GenericDisplayType_Input_InstrumentRange,19,Variable
GenericDisplayType_Input_EURange,20,Variable
GenericDisplayType_Input_EngineeringUnits,21,Variable
GenericMotorType,22,ObjectType
GenericMotorType_Speed,23,Unspecified
GenericMotorType_Speed_Definition,24,Unspecified
GenericMotorType_Speed_ValuePrecision,25,Unspecified
GenericMotorType_Speed_InstrumentRange,26,Unspecified
GenericMotorType_Speed_EURange,27,Unspecified
GenericMotorType_Speed_EngineeringUnits,28,Unspecified
OpticalBarrier,29,ObjectType
OpticalBarrier_Output,30,Variable
OpticalBarrier_Output_Definition,31,Variable
OpticalBarrier_Output_ValuePrecision,32,Variable
OpticalBarrier_Output_InstrumentRange,33,Unspecified
OpticalBarrier_Output_EURange,34,Unspecified
OpticalBarrier_Output_EngineeringUnits,35,Unspecified
ElectricPhotoSensor,36,ObjectType
ElectricPhotoSensor_Output,37,Variable
ElectricPhotoSensor_Output_Definition,38,Variable
ElectricPhotoSensor_Output_ValuePrecision,39,Variable
ElectricPhotoSensor_Output_InstrumentRange,40,Unspecified
ElectricPhotoSensor_Output_EURange,41,Unspecified
ElectricPhotoSensor_Output_EngineeringUnits,42,Unspecified
CapacitiveSensor,43,ObjectType
CapacitiveSensor_Output,44,Variable
CapacitiveSensor_Output_Definition,45,Variable
CapacitiveSensor_Output_ValuePrecision,46,Variable
CapacitiveSensor_Output_InstrumentRange,47,Unspecified
CapacitiveSensor_Output_EURange,48,Unspecified
CapacitiveSensor_Output_EngineeringUnits,49,Unspecified
InductiveSensor,50,ObjectType
InductiveSensor_Output,51,Variable
InductiveSensor_Output_Definition,52,Variable
InductiveSensor_Output_ValuePrecision,53,Variable
InductiveSensor_Output_InstrumentRange,54,Unspecified
InductiveSensor_Output_EURange,55,Unspecified
InductiveSensor_Output_EngineeringUnits,56,Unspecified
OpaquePiece,57,Unspecified
OpaquePiece_Input,58,Unspecified
OpaquePiece_Input_Definition,59,Unspecified
OpaquePiece_Input_ValuePrecision,60,Unspecified
OpaquePiece_Input_InstrumentRange,61,Unspecified
OpaquePiece_Input_EURange,62,Unspecified
OpaquePiece_Input_EngineeringUnits,63,Unspecified
MetallicPiece,64,ObjectType
MetallicPiece_Input,65,Variable
MetallicPiece_Input_Definition,66,Variable
MetallicPiece_Input_ValuePrecision,67,Variable
MetallicPiece_Input_InstrumentRange,68,Unspecified
MetallicPiece_Input_EURange,69,Unspecified
MetallicPiece_Input_EngineeringUnits,70,Unspecified
NonMetallicPiece,71,ObjectType
NonMetallicPiece_Input,72,Variable
NonMetallicPiece_Input_Definition,73,Variable
NonMetallicPiece_Input_ValuePrecision,74,Variable
NonMetallicPiece_Input_InstrumentRange,75,Unspecified
NonMetallicPiece_Input_EURange,76,Unspecified
NonMetallicPiece_Input_EngineeringUnits,77,Unspecified
ErrorIlumination,78,Unspecified
ErrorIlumination_Input,79,Unspecified
ErrorIlumination_Input_Definition,80,Unspecified
ErrorIlumination_Input_ValuePrecision,81,Unspecified
ErrorIlumination_Input_InstrumentRange,82,Unspecified
ErrorIlumination_Input_EURange,83,Unspecified
ErrorIlumination_Input_EngineeringUnits,84,Unspecified
QuantityOpaquePiece,85,Unspecified
QuantityOpaquePiece_Input,86,Unspecified
QuantityOpaquePiece_Input_Definition,87,Unspecified
QuantityOpaquePiece_Input_ValuePrecision,88,Unspecified
QuantityOpaquePiece_Input_InstrumentRange,89,Unspecified
QuantityOpaquePiece_Input_EURange,90,Unspecified
QuantityOpaquePiece_Input_EngineeringUnits,91,Unspecified
QuantityMetallicPiece,92,ObjectType
QuantityMetallicPiece_Input,93,Variable
QuantityMetallicPiece_Input_Definition,94,Variable
QuantityMetallicPiece_Input_ValuePrecision,95,Variable
QuantityMetallicPiece_Input_InstrumentRange,96,Variable
QuantityMetallicPiece_Input_EURange,97,Variable
QuantityMetallicPiece_Input_EngineeringUnits,98,Variable
QuantityNonMetallicPiece,99,ObjectType
QuantityNonMetallicPiece_Input,100,Variable
QuantityNonMetallicPiece_Input_Definition,101,Variable
QuantityNonMetallicPiece_Input_ValuePrecision,102,Variable
QuantityNonMetallicPiece_Input_InstrumentRange,103,Variable
QuantityNonMetallicPiece_Input_EURange,104,Variable
QuantityNonMetallicPiece_Input_EngineeringUnits,105,Variable
BeltMotorType,106,Unspecified
BeltMotorType_Speed,107,Unspecified
BeltMotorType_Speed_Definition,108,Unspecified
BeltMotorType_Speed_ValuePrecision,109,Unspecified
BeltMotorType_Speed_InstrumentRange,110,Unspecified
BeltMotorType_Speed_EURange,111,Unspecified
BeltMotorType_Speed_EngineeringUnits,112,Unspecified
Module1Type,113,ObjectType
Module1Type_Error,114,Unspecified
Module1Type_Error_Input,115,Unspecified
Module1Type_Error_Input_Definition,116,Unspecified
Module1Type_Error_Input_ValuePrecision,117,Unspecified
Module1Type_Error_Input_InstrumentRange,118,Unspecified
Module1Type_Error_Input_EURange,119,Unspecified
Module1Type_Error_Input_EngineeringUnits,120,Unspecified
Module1Type_Opaque,121,Unspecified
Module1Type_Opaque_Input,122,Unspecified
Module1Type_Opaque_Input_Definition,123,Unspecified
Module1Type_Opaque_Input_ValuePrecision,124,Unspecified
Module1Type_Opaque_Input_InstrumentRange,125,Unspecified
Module1Type_Opaque_Input_EURange,126,Unspecified
Module1Type_Opaque_Input_EngineeringUnits,127,Unspecified
Module1Type_Metallic,128,Object
Module1Type_Metallic_Input,129,Variable
Module1Type_Metallic_Input_Definition,130,Variable
Module1Type_Metallic_Input_ValuePrecision,131,Variable
Module1Type_Metallic_Input_InstrumentRange,132,Unspecified
Module1Type_Metallic_Input_EURange,133,Unspecified
Module1Type_Metallic_Input_EngineeringUnits,134,Unspecified
Module1Type_NonMetallic,135,Object
Module1Type_NonMetallic_Input,136,Variable
Module1Type_NonMetallic_Input_Definition,137,Variable
Module1Type_NonMetallic_Input_ValuePrecision,138,Variable
Module1Type_NonMetallic_Input_InstrumentRange,139,Unspecified
Module1Type_NonMetallic_Input_EURange,140,Unspecified
Module1Type_NonMetallic_Input_EngineeringUnits,141,Unspecified
Module1Type_QuantityOpaque,142,Unspecified
Module1Type_QuantityOpaque_Input,143,Unspecified
Module1Type_QuantityOpaque_Input_Definition,144,Unspecified
Module1Type_QuantityOpaque_Input_ValuePrecision,145,Unspecified
Module1Type_QuantityOpaque_Input_InstrumentRange,146,Unspecified
Module1Type_QuantityOpaque_Input_EURange,147,Unspecified
Module1Type_QuantityOpaque_Input_EngineeringUnits,148,Unspecified
Module1Type_QuantityMetallic,149,Object
Module1Type_QuantityMetallic_Input,150,Variable
Module1Type_QuantityMetallic_Input_Definition,151,Variable
Module1Type_QuantityMetallic_Input_ValuePrecision,152,Variable
Module1Type_QuantityMetallic_Input_InstrumentRange,153,Variable
Module1Type_QuantityMetallic_Input_EURange,154,Variable
Module1Type_QuantityMetallic_Input_EngineeringUnits,155,Variable
Module1Type_QuantityNonMetallic,156,Object
Module1Type_QuantityNonMetallic_Input,157,Variable
Module1Type_QuantityNonMetallic_Input_Definition,158,Variable
Module1Type_QuantityNonMetallic_Input_ValuePrecision,159,Variable
Module1Type_QuantityNonMetallic_Input_InstrumentRange,160,Variable
Module1Type_QuantityNonMetallic_Input_EURange,161,Variable
Module1Type_QuantityNonMetallic_Input_EngineeringUnits,162,Variable
Module1Type_Motor,163,Unspecified
Module1Type_Motor_Speed,164,Unspecified
Module1Type_Motor_Speed_Definition,165,Unspecified
Module1Type_Motor_Speed_ValuePrecision,166,Unspecified
Module1Type_Motor_Speed_InstrumentRange,167,Unspecified
Module1Type_Motor_Speed_EURange,168,Unspecified
Module1Type_Motor_Speed_EngineeringUnits,169,Unspecified
Module2Type,170,ObjectType
Module2Type_Barrier1,171,Object
Module2Type_Barrier1_Output,172,Variable
Module2Type_Barrier1_Output_Definition,173,Variable
Module2Type_Barrier1_Output_ValuePrecision,174,Variable
Module2Type_Barrier1_Output_InstrumentRange,175,Unspecified
Module2Type_Barrier1_Output_EURange,176,Unspecified
Module2Type_Barrier1_Output_EngineeringUnits,177,Unspecified
Module2Type_Barrier2,178,Object
Module2Type_Barrier2_Output,179,Variable
Module2Type_Barrier2_Output_Definition,180,Variable
Module2Type_Barrier2_Output_ValuePrecision,181,Variable
Module2Type_Barrier2_Output_InstrumentRange,182,Unspecified
Module2Type_Barrier2_Output_EURange,183,Unspecified
Module2Type_Barrier2_Output_EngineeringUnits,184,Unspecified
Module2Type_Barrier3,185,Object
Module2Type_Barrier3_Output,186,Variable
Module2Type_Barrier3_Output_Definition,187,Variable
Module2Type_Barrier3_Output_ValuePrecision,188,Variable
Module2Type_Barrier3_Output_InstrumentRange,189,Unspecified
Module2Type_Barrier3_Output_EURange,190,Unspecified
Module2Type_Barrier3_Output_EngineeringUnits,191,Unspecified
Module2Type_PhotoSensor,192,Object
Module2Type_PhotoSensor_Output,193,Variable
Module2Type_PhotoSensor_Output_Definition,194,Variable
Module2Type_PhotoSensor_Output_ValuePrecision,195,Variable
Module2Type_PhotoSensor_Output_InstrumentRange,196,Unspecified
Module2Type_PhotoSensor_Output_EURange,197,Unspecified
Module2Type_PhotoSensor_Output_EngineeringUnits,198,Unspecified
Module2Type_Capacitive,199,Object
Module2Type_Capacitive_Output,200,Variable
Module2Type_Capacitive_Output_Definition,201,Variable
Module2Type_Capacitive_Output_ValuePrecision,202,Variable
Module2Type_Capacitive_Output_InstrumentRange,203,Unspecified
Module2Type_Capacitive_Output_EURange,204,Unspecified
Module2Type_Capacitive_Output_EngineeringUnits,205,Unspecified
Module2Type_Inductive,206,Object
Module2Type_Inductive_Output,207,Variable
Module2Type_Inductive_Output_Definition,208,Variable
Module2Type_Inductive_Output_ValuePrecision,209,Variable
Module2Type_Inductive_Output_InstrumentRange,210,Unspecified
Module2Type_Inductive_Output_EURange,211,Unspecified
Module2Type_Inductive_Output_EngineeringUnits,212,Unspecified
Module2Type_Error,213,Unspecified
Module2Type_Error_Input,214,Unspecified
Module2Type_Error_Input_Definition,215,Unspecified
Module2Type_Error_Input_ValuePrecision,216,Unspecified
Module2Type_Error_Input_InstrumentRange,217,Unspecified
Module2Type_Error_Input_EURange,218,Unspecified
Module2Type_Error_Input_EngineeringUnits,219,Unspecified
Module2Type_Motor,220,Unspecified
Module2Type_Motor_Speed,221,Unspecified
Module2Type_Motor_Speed_Definition,222,Unspecified
Module2Type_Motor_Speed_ValuePrecision,223,Unspecified
Module2Type_Motor_Speed_InstrumentRange,224,Unspecified
Module2Type_Motor_Speed_EURange,225,Unspecified
Module2Type_Motor_Speed_EngineeringUnits,226,Unspecified
BeltType,227,ObjectType
BeltType_Module1,228,Object
BeltType_Module1_Error,229,Unspecified
BeltType_Module1_Error_Input,230,Unspecified
BeltType_Module1_Error_Input_Definition,231,Unspecified
BeltType_Module1_Error_Input_ValuePrecision,232,Unspecified
BeltType_Module1_Error_Input_InstrumentRange,233,Unspecified
BeltType_Module1_Error_Input_EURange,234,Unspecified
BeltType_Module1_Error_Input_EngineeringUnits,235,Unspecified
BeltType_Module1_Opaque,236,Unspecified
BeltType_Module1_Opaque_Input,237,Unspecified
BeltType_Module1_Opaque_Input_Definition,238,Unspecified
BeltType_Module1_Opaque_Input_ValuePrecision,239,Unspecified
BeltType_Module1_Opaque_Input_InstrumentRange,240,Unspecified
BeltType_Module1_Opaque_Input_EURange,241,Unspecified
BeltType_Module1_Opaque_Input_EngineeringUnits,242,Unspecified
BeltType_Module1_Metallic,243,Object
BeltType_Module1_Metallic_Input,244,Variable
BeltType_Module1_Metallic_Input_Definition,245,Variable
BeltType_Module1_Metallic_Input_ValuePrecision,246,Variable
BeltType_Module1_Metallic_Input_InstrumentRange,247,Unspecified
BeltType_Module1_Metallic_Input_EURange,248,Unspecified
BeltType_Module1_Metallic_Input_EngineeringUnits,249,Unspecified
BeltType_Module1_NonMetallic,250,Object
BeltType_Module1_NonMetallic_Input,251,Variable
BeltType_Module1_NonMetallic_Input_Definition,252,Variable
BeltType_Module1_NonMetallic_Input_ValuePrecision,253,Variable
BeltType_Module1_NonMetallic_Input_InstrumentRange,254,Unspecified
BeltType_Module1_NonMetallic_Input_EURange,255,Unspecified
BeltType_Module1_NonMetallic_Input_EngineeringUnits,256,Unspecified
BeltType_Module1_QuantityOpaque,257,Unspecified
BeltType_Module1_QuantityOpaque_Input,258,Unspecified
BeltType_Module1_QuantityOpaque_Input_Definition,259,Unspecified
BeltType_Module1_QuantityOpaque_Input_ValuePrecision,260,Unspecified
BeltType_Module1_QuantityOpaque_Input_InstrumentRange,261,Unspecified
BeltType_Module1_QuantityOpaque_Input_EURange,262,Unspecified
BeltType_Module1_QuantityOpaque_Input_EngineeringUnits,263,Unspecified
BeltType_Module1_QuantityMetallic,264,Object
BeltType_Module1_QuantityMetallic_Input,265,Variable
BeltType_Module1_QuantityMetallic_Input_Definition,266,Variable
BeltType_Module1_QuantityMetallic_Input_ValuePrecision,267,Variable
BeltType_Module1_QuantityMetallic_Input_InstrumentRange,268,Variable
BeltType_Module1_QuantityMetallic_Input_EURange,269,Variable
BeltType_Module1_QuantityMetallic_Input_EngineeringUnits,270,Variable
BeltType_Module1_QuantityNonMetallic,271,Object
BeltType_Module1_QuantityNonMetallic_Input,272,Variable
BeltType_Module1_QuantityNonMetallic_Input_Definition,273,Variable
BeltType_Module1_QuantityNonMetallic_Input_ValuePrecision,274,Variable
BeltType_Module1_QuantityNonMetallic_Input_InstrumentRange,275,Variable
BeltType_Module1_QuantityNonMetallic_Input_EURange,276,Variable
BeltType_Module1_QuantityNonMetallic_Input_EngineeringUnits,277,Variable
BeltType_Module1_Motor,278,Unspecified
BeltType_Module1_Motor_Speed,279,Unspecified
BeltType_Module1_Motor_Speed_Definition,280,Unspecified
BeltType_Module1_Motor_Speed_ValuePrecision,281,Unspecified
BeltType_Module1_Motor_Speed_InstrumentRange,282,Unspecified
BeltType_Module1_Motor_Speed_EURange,283,Unspecified
BeltType_Module1_Motor_Speed_EngineeringUnits,284,Unspecified
BeltType_Module2,285,Object
BeltType_Module2_Barrier1,286,Object
BeltType_Module2_Barrier1_Output,287,Variable
BeltType_Module2_Barrier1_Output_Definition,288,Variable
BeltType_Module2_Barrier1_Output_ValuePrecision,289,Variable
BeltType_Module2_Barrier1_Output_InstrumentRange,290,Unspecified
BeltType_Module2_Barrier1_Output_EURange,291,Unspecified
BeltType_Module2_Barrier1_Output_EngineeringUnits,292,Unspecified
BeltType_Module2_Barrier2,293,Object
BeltType_Module2_Barrier2_Output,294,Variable
BeltType_Module2_Barrier2_Output_Definition,295,Variable
BeltType_Module2_Barrier2_Output_ValuePrecision,296,Variable
BeltType_Module2_Barrier2_Output_InstrumentRange,297,Unspecified
BeltType_Module2_Barrier2_Output_EURange,298,Unspecified
BeltType_Module2_Barrier2_Output_EngineeringUnits,299,Unspecified
BeltType_Module2_Barrier3,300,Object
BeltType_Module2_Barrier3_Output,301,Variable
BeltType_Module2_Barrier3_Output_Definition,302,Variable
BeltType_Module2_Barrier3_Output_ValuePrecision,303,Variable
BeltType_Module2_Barrier3_Output_InstrumentRange,304,Unspecified
BeltType_Module2_Barrier3_Output_EURange,305,Unspecified
BeltType_Module2_Barrier3_Output_EngineeringUnits,306,Unspecified
BeltType_Module2_PhotoSensor,307,Object
BeltType_Module2_PhotoSensor_Output,308,Variable
BeltType_Module2_PhotoSensor_Output_Definition,309,Variable
BeltType_Module2_PhotoSensor_Output_ValuePrecision,310,Variable
BeltType_Module2_PhotoSensor_Output_InstrumentRange,311,Unspecified
BeltType_Module2_PhotoSensor_Output_EURange,312,Unspecified
BeltType_Module2_PhotoSensor_Output_EngineeringUnits,313,Unspecified
BeltType_Module2_Capacitive,314,Object
BeltType_Module2_Capacitive_Output,315,Variable
BeltType_Module2_Capacitive_Output_Definition,316,Variable
BeltType_Module2_Capacitive_Output_ValuePrecision,317,Variable
BeltType_Module2_Capacitive_Output_InstrumentRange,318,Unspecified
BeltType_Module2_Capacitive_Output_EURange,319,Unspecified
BeltType_Module2_Capacitive_Output_EngineeringUnits,320,Unspecified
BeltType_Module2_Inductive,321,Object
BeltType_Module2_Inductive_Output,322,Variable
BeltType_Module2_Inductive_Output_Definition,323,Variable
BeltType_Module2_Inductive_Output_ValuePrecision,324,Variable
BeltType_Module2_Inductive_Output_InstrumentRange,325,Unspecified
BeltType_Module2_Inductive_Output_EURange,326,Unspecified
BeltType_Module2_Inductive_Output_EngineeringUnits,327,Unspecified
BeltType_Module2_Error,328,Unspecified
BeltType_Module2_Error_Input,329,Unspecified
BeltType_Module2_Error_Input_Definition,330,Unspecified
BeltType_Module2_Error_Input_ValuePrecision,331,Unspecified
BeltType_Module2_Error_Input_InstrumentRange,332,Unspecified
BeltType_Module2_Error_Input_EURange,333,Unspecified
BeltType_Module2_Error_Input_EngineeringUnits,334,Unspecified
BeltType_Module2_Motor,335,Unspecified
BeltType_Module2_Motor_Speed,336,Unspecified
BeltType_Module2_Motor_Speed_Definition,337,Unspecified
BeltType_Module2_Motor_Speed_ValuePrecision,338,Unspecified
BeltType_Module2_Motor_Speed_InstrumentRange,339,Unspecified
BeltType_Module2_Motor_Speed_EURange,340,Unspecified
BeltType_Module2_Motor_Speed_EngineeringUnits,341,Unspecified
BeltType_StartProcess,342,Method
BeltType_StopProcess,343,Method
BeltType_ResetProcess,344,Method
BeltServer,345,Object
BeltServer_Module1,346,Object
BeltServer_Module1_Error,347,Unspecified
BeltServer_Module1_Error_Input,348,Unspecified
BeltServer_Module1_Error_Input_Definition,349,Unspecified
BeltServer_Module1_Error_Input_ValuePrecision,350,Unspecified
BeltServer_Module1_Error_Input_InstrumentRange,351,Unspecified
BeltServer_Module1_Error_Input_EURange,352,Unspecified
BeltServer_Module1_Error_Input_EngineeringUnits,353,Unspecified
BeltServer_Module1_Opaque,354,Unspecified
BeltServer_Module1_Opaque_Input,355,Unspecified
BeltServer_Module1_Opaque_Input_Definition,356,Unspecified
BeltServer_Module1_Opaque_Input_ValuePrecision,357,Unspecified
BeltServer_Module1_Opaque_Input_InstrumentRange,358,Unspecified
BeltServer_Module1_Opaque_Input_EURange,359,Unspecified
BeltServer_Module1_Opaque_Input_EngineeringUnits,360,Unspecified
BeltServer_Module1_Metallic,361,Object
BeltServer_Module1_Metallic_Input,362,Variable
BeltServer_Module1_Metallic_Input_Definition,363,Variable
BeltServer_Module1_Metallic_Input_ValuePrecision,364,Variable
BeltServer_Module1_Metallic_Input_InstrumentRange,365,Unspecified
BeltServer_Module1_Metallic_Input_EURange,366,Unspecified
BeltServer_Module1_Metallic_Input_EngineeringUnits,367,Unspecified
BeltServer_Module1_NonMetallic,368,Object
BeltServer_Module1_NonMetallic_Input,369,Variable
BeltServer_Module1_NonMetallic_Input_Definition,370,Variable
BeltServer_Module1_NonMetallic_Input_ValuePrecision,371,Variable
BeltServer_Module1_NonMetallic_Input_InstrumentRange,372,Unspecified
BeltServer_Module1_NonMetallic_Input_EURange,373,Unspecified
BeltServer_Module1_NonMetallic_Input_EngineeringUnits,374,Unspecified
BeltServer_Module1_QuantityOpaque,375,Unspecified
BeltServer_Module1_QuantityOpaque_Input,376,Unspecified
BeltServer_Module1_QuantityOpaque_Input_Definition,377,Unspecified
BeltServer_Module1_QuantityOpaque_Input_ValuePrecision,378,Unspecified
BeltServer_Module1_QuantityOpaque_Input_InstrumentRange,379,Unspecified
BeltServer_Module1_QuantityOpaque_Input_EURange,380,Unspecified
BeltServer_Module1_QuantityOpaque_Input_EngineeringUnits,381,Unspecified
BeltServer_Module1_QuantityMetallic,382,Object
BeltServer_Module1_QuantityMetallic_Input,383,Variable
BeltServer_Module1_QuantityMetallic_Input_Definition,384,Variable
BeltServer_Module1_QuantityMetallic_Input_ValuePrecision,385,Variable
BeltServer_Module1_QuantityMetallic_Input_InstrumentRange,386,Variable
BeltServer_Module1_QuantityMetallic_Input_EURange,387,Variable
BeltServer_Module1_QuantityMetallic_Input_EngineeringUnits,388,Variable
BeltServer_Module1_QuantityNonMetallic,389,Object
BeltServer_Module1_QuantityNonMetallic_Input,390,Variable
BeltServer_Module1_QuantityNonMetallic_Input_Definition,391,Variable
BeltServer_Module1_QuantityNonMetallic_Input_ValuePrecision,392,Variable
BeltServer_Module1_QuantityNonMetallic_Input_InstrumentRange,393,Variable
BeltServer_Module1_QuantityNonMetallic_Input_EURange,394,Variable
BeltServer_Module1_QuantityNonMetallic_Input_EngineeringUnits,395,Variable
BeltServer_Module1_Motor,396,Unspecified
BeltServer_Module1_Motor_Speed,397,Unspecified
BeltServer_Module1_Motor_Speed_Definition,398,Unspecified
BeltServer_Module1_Motor_Speed_ValuePrecision,399,Unspecified
BeltServer_Module1_Motor_Speed_InstrumentRange,400,Unspecified
BeltServer_Module1_Motor_Speed_EURange,401,Unspecified
BeltServer_Module1_Motor_Speed_EngineeringUnits,402,Unspecified
BeltServer_Module2,403,Object
BeltServer_Module2_Barrier1,404,Object
BeltServer_Module2_Barrier1_Output,405,Variable
BeltServer_Module2_Barrier1_Output_Definition,406,Variable
BeltServer_Module2_Barrier1_Output_ValuePrecision,407,Variable
BeltServer_Module2_Barrier1_Output_InstrumentRange,408,Unspecified
BeltServer_Module2_Barrier1_Output_EURange,409,Unspecified
BeltServer_Module2_Barrier1_Output_EngineeringUnits,410,Unspecified
BeltServer_Module2_Barrier2,411,Object
BeltServer_Module2_Barrier2_Output,412,Variable
BeltServer_Module2_Barrier2_Output_Definition,413,Variable
BeltServer_Module2_Barrier2_Output_ValuePrecision,414,Variable
BeltServer_Module2_Barrier2_Output_InstrumentRange,415,Unspecified
BeltServer_Module2_Barrier2_Output_EURange,416,Unspecified
BeltServer_Module2_Barrier2_Output_EngineeringUnits,417,Unspecified
BeltServer_Module2_Barrier3,418,Object
BeltServer_Module2_Barrier3_Output,419,Variable
BeltServer_Module2_Barrier3_Output_Definition,420,Variable
BeltServer_Module2_Barrier3_Output_ValuePrecision,421,Variable
BeltServer_Module2_Barrier3_Output_InstrumentRange,422,Unspecified
BeltServer_Module2_Barrier3_Output_EURange,423,Unspecified
BeltServer_Module2_Barrier3_Output_EngineeringUnits,424,Unspecified
BeltServer_Module2_PhotoSensor,425,Object
BeltServer_Module2_PhotoSensor_Output,426,Variable
BeltServer_Module2_PhotoSensor_Output_Definition,427,Variable
BeltServer_Module2_PhotoSensor_Output_ValuePrecision,428,Variable
BeltServer_Module2_PhotoSensor_Output_InstrumentRange,429,Unspecified
BeltServer_Module2_PhotoSensor_Output_EURange,430,Unspecified
BeltServer_Module2_PhotoSensor_Output_EngineeringUnits,431,Unspecified
BeltServer_Module2_Capacitive,432,Object
BeltServer_Module2_Capacitive_Output,433,Variable
BeltServer_Module2_Capacitive_Output_Definition,434,Variable
BeltServer_Module2_Capacitive_Output_ValuePrecision,435,Variable
BeltServer_Module2_Capacitive_Output_InstrumentRange,436,Unspecified
BeltServer_Module2_Capacitive_Output_EURange,437,Unspecified
BeltServer_Module2_Capacitive_Output_EngineeringUnits,438,Unspecified
BeltServer_Module2_Inductive,439,Object
BeltServer_Module2_Inductive_Output,440,Variable
BeltServer_Module2_Inductive_Output_Definition,441,Variable
BeltServer_Module2_Inductive_Output_ValuePrecision,442,Variable
BeltServer_Module2_Inductive_Output_InstrumentRange,443,Unspecified
BeltServer_Module2_Inductive_Output_EURange,444,Unspecified
BeltServer_Module2_Inductive_Output_EngineeringUnits,445,Unspecified
BeltServer_Module2_Error,446,Unspecified
BeltServer_Module2_Error_Input,447,Unspecified
BeltServer_Module2_Error_Input_Definition,448,Unspecified
BeltServer_Module2_Error_Input_ValuePrecision,449,Unspecified
BeltServer_Module2_Error_Input_InstrumentRange,450,Unspecified
BeltServer_Module2_Error_Input_EURange,451,Unspecified
BeltServer_Module2_Error_Input_EngineeringUnits,452,Unspecified
BeltServer_Module2_Motor,453,Unspecified
BeltServer_Module2_Motor_Speed,454,Unspecified
BeltServer_Module2_Motor_Speed_Definition,455,Unspecified
BeltServer_Module2_Motor_Speed_ValuePrecision,456,Unspecified
BeltServer_Module2_Motor_Speed_InstrumentRange,457,Unspecified
BeltServer_Module2_Motor_Speed_EURange,458,Unspecified
BeltServer_Module2_Motor_Speed_EngineeringUnits,459,Unspecified
BeltServer_StartProcess,460,Method
BeltServer_StopProcess,461,Method
BeltServer_ResetProcess,462,Method
Module1Type_Module1Error,463,Unspecified
Module1Type_Module1Error_Input,464,Unspecified
Module1Type_Module1Error_Input_Definition,465,Unspecified
Module1Type_Module1Error_Input_ValuePrecision,466,Unspecified
Module1Type_Module1Error_Input_InstrumentRange,467,Unspecified
Module1Type_Module1Error_Input_EURange,468,Unspecified
Module1Type_Module1Error_Input_EngineeringUnits,469,Unspecified
Module1Type_Module1Opaque,470,Unspecified
Module1Type_Module1Opaque_Input,471,Unspecified
Module1Type_Module1Opaque_Input_Definition,472,Unspecified
Module1Type_Module1Opaque_Input_ValuePrecision,473,Unspecified
Module1Type_Module1Opaque_Input_InstrumentRange,474,Unspecified
Module1Type_Module1Opaque_Input_EURange,475,Unspecified
Module1Type_Module1Opaque_Input_EngineeringUnits,476,Unspecified
Module1Type_Module1Metallic,477,Unspecified
Module1Type_Module1Metallic_Input,478,Unspecified
Module1Type_Module1Metallic_Input_Definition,479,Unspecified
Module1Type_Module1Metallic_Input_ValuePrecision,480,Unspecified
Module1Type_Module1Metallic_Input_InstrumentRange,481,Unspecified
Module1Type_Module1Metallic_Input_EURange,482,Unspecified
Module1Type_Module1Metallic_Input_EngineeringUnits,483,Unspecified
Module1Type_Module1NonMetallic,484,Unspecified
Module1Type_Module1NonMetallic_Input,485,Unspecified
Module1Type_Module1NonMetallic_Input_Definition,486,Unspecified
Module1Type_Module1NonMetallic_Input_ValuePrecision,487,Unspecified
Module1Type_Module1NonMetallic_Input_InstrumentRange,488,Unspecified
Module1Type_Module1NonMetallic_Input_EURange,489,Unspecified
Module1Type_Module1NonMetallic_Input_EngineeringUnits,490,Unspecified
Module1Type_Module1QuantityOpaque,491,Unspecified
Module1Type_Module1QuantityOpaque_Input,492,Unspecified
Module1Type_Module1QuantityOpaque_Input_Definition,493,Unspecified
Module1Type_Module1QuantityOpaque_Input_ValuePrecision,494,Unspecified
Module1Type_Module1QuantityOpaque_Input_InstrumentRange,495,Unspecified
Module1Type_Module1QuantityOpaque_Input_EURange,496,Unspecified
Module1Type_Module1QuantityOpaque_Input_EngineeringUnits,497,Unspecified
Module1Type_Module1QuantityMetallic,498,Unspecified
Module1Type_Module1QuantityMetallic_Input,499,Unspecified
Module1Type_Module1QuantityMetallic_Input_Definition,500,Unspecified
Module1Type_Module1QuantityMetallic_Input_ValuePrecision,501,Unspecified
Module1Type_Module1QuantityMetallic_Input_InstrumentRange,502,Unspecified
Module1Type_Module1QuantityMetallic_Input_EURange,503,Unspecified
Module1Type_Module1QuantityMetallic_Input_EngineeringUnits,504,Unspecified
Module1Type_Module1QuantityNonMetallic,505,Unspecified
Module1Type_Module1QuantityNonMetallic_Input,506,Unspecified
Module1Type_Module1QuantityNonMetallic_Input_Definition,507,Unspecified
Module1Type_Module1QuantityNonMetallic_Input_ValuePrecision,508,Unspecified
Module1Type_Module1QuantityNonMetallic_Input_InstrumentRange,509,Unspecified
Module1Type_Module1QuantityNonMetallic_Input_EURange,510,Unspecified
Module1Type_Module1QuantityNonMetallic_Input_EngineeringUnits,511,Unspecified
Module1Type_Module1Motor,512,Unspecified
Module1Type_Module1Motor_Speed,513,Unspecified
Module1Type_Module1Motor_Speed_Definition,514,Unspecified
Module1Type_Module1Motor_Speed_ValuePrecision,515,Unspecified
Module1Type_Module1Motor_Speed_InstrumentRange,516,Unspecified
Module1Type_Module1Motor_Speed_EURange,517,Unspecified
Module1Type_Module1Motor_Speed_EngineeringUnits,518,Unspecified
Module2Type_Module2Barrier1,519,Unspecified
Module2Type_Module2Barrier1_Output,520,Unspecified
Module2Type_Module2Barrier1_Output_Definition,521,Unspecified
Module2Type_Module2Barrier1_Output_ValuePrecision,522,Unspecified
Module2Type_Module2Barrier1_Output_InstrumentRange,523,Unspecified
Module2Type_Module2Barrier1_Output_EURange,524,Unspecified
Module2Type_Module2Barrier1_Output_EngineeringUnits,525,Unspecified
Module2Type_Module2Barrier2,526,Unspecified
Module2Type_Module2Barrier2_Output,527,Unspecified
Module2Type_Module2Barrier2_Output_Definition,528,Unspecified
Module2Type_Module2Barrier2_Output_ValuePrecision,529,Unspecified
Module2Type_Module2Barrier2_Output_InstrumentRange,530,Unspecified
Module2Type_Module2Barrier2_Output_EURange,531,Unspecified
Module2Type_Module2Barrier2_Output_EngineeringUnits,532,Unspecified
Module2Type_Module2Barrier3,533,Unspecified
Module2Type_Module2Barrier3_Output,534,Unspecified
Module2Type_Module2Barrier3_Output_Definition,535,Unspecified
Module2Type_Module2Barrier3_Output_ValuePrecision,536,Unspecified
Module2Type_Module2Barrier3_Output_InstrumentRange,537,Unspecified
Module2Type_Module2Barrier3_Output_EURange,538,Unspecified
Module2Type_Module2Barrier3_Output_EngineeringUnits,539,Unspecified
Module2Type_Module2PhotoSensor,540,Unspecified
Module2Type_Module2PhotoSensor_Output,541,Unspecified
Module2Type_Module2PhotoSensor_Output_Definition,542,Unspecified
Module2Type_Module2PhotoSensor_Output_ValuePrecision,543,Unspecified
Module2Type_Module2PhotoSensor_Output_InstrumentRange,544,Unspecified
Module2Type_Module2PhotoSensor_Output_EURange,545,Unspecified
Module2Type_Module2PhotoSensor_Output_EngineeringUnits,546,Unspecified
Module2Type_Module2Capacitive,547,Unspecified
Module2Type_Module2Capacitive_Output,548,Unspecified
Module2Type_Module2Capacitive_Output_Definition,549,Unspecified
Module2Type_Module2Capacitive_Output_ValuePrecision,550,Unspecified
Module2Type_Module2Capacitive_Output_InstrumentRange,551,Unspecified
Module2Type_Module2Capacitive_Output_EURange,552,Unspecified
Module2Type_Module2Capacitive_Output_EngineeringUnits,553,Unspecified
Module2Type_Module2Inductive,554,Unspecified
Module2Type_Module2Inductive_Output,555,Unspecified
Module2Type_Module2Inductive_Output_Definition,556,Unspecified
Module2Type_Module2Inductive_Output_ValuePrecision,557,Unspecified
Module2Type_Module2Inductive_Output_InstrumentRange,558,Unspecified
Module2Type_Module2Inductive_Output_EURange,559,Unspecified
Module2Type_Module2Inductive_Output_EngineeringUnits,560,Unspecified
Module2Type_Module2Error,561,Unspecified
Module2Type_Module2Error_Input,562,Unspecified
Module2Type_Module2Error_Input_Definition,563,Unspecified
Module2Type_Module2Error_Input_ValuePrecision,564,Unspecified
Module2Type_Module2Error_Input_InstrumentRange,565,Unspecified
Module2Type_Module2Error_Input_EURange,566,Unspecified
Module2Type_Module2Error_Input_EngineeringUnits,567,Unspecified
Module2Type_Module2Motor,568,Unspecified
Module2Type_Module2Motor_Speed,569,Unspecified
Module2Type_Module2Motor_Speed_Definition,570,Unspecified
Module2Type_Module2Motor_Speed_ValuePrecision,571,Unspecified
Module2Type_Module2Motor_Speed_InstrumentRange,572,Unspecified
Module2Type_Module2Motor_Speed_EURange,573,Unspecified
Module2Type_Module2Motor_Speed_EngineeringUnits,574,Unspecified
BeltType_Module1_Module1Error,575,Unspecified
BeltType_Module1_Module1Error_Input,576,Unspecified
BeltType_Module1_Module1Error_Input_Definition,577,Unspecified
BeltType_Module1_Module1Error_Input_ValuePrecision,578,Unspecified
BeltType_Module1_Module1Error_Input_InstrumentRange,579,Unspecified
BeltType_Module1_Module1Error_Input_EURange,580,Unspecified
BeltType_Module1_Module1Error_Input_EngineeringUnits,581,Unspecified
BeltType_Module1_Module1Opaque,582,Unspecified
BeltType_Module1_Module1Opaque_Input,583,Unspecified
BeltType_Module1_Module1Opaque_Input_Definition,584,Unspecified
BeltType_Module1_Module1Opaque_Input_ValuePrecision,585,Unspecified
BeltType_Module1_Module1Opaque_Input_InstrumentRange,586,Unspecified
BeltType_Module1_Module1Opaque_Input_EURange,587,Unspecified
BeltType_Module1_Module1Opaque_Input_EngineeringUnits,588,Unspecified
BeltType_Module1_Module1Metallic,589,Unspecified
BeltType_Module1_Module1Metallic_Input,590,Unspecified
BeltType_Module1_Module1Metallic_Input_Definition,591,Unspecified
BeltType_Module1_Module1Metallic_Input_ValuePrecision,592,Unspecified
BeltType_Module1_Module1Metallic_Input_InstrumentRange,593,Unspecified
BeltType_Module1_Module1Metallic_Input_EURange,594,Unspecified
BeltType_Module1_Module1Metallic_Input_EngineeringUnits,595,Unspecified
BeltType_Module1_Module1NonMetallic,596,Unspecified
BeltType_Module1_Module1NonMetallic_Input,597,Unspecified
BeltType_Module1_Module1NonMetallic_Input_Definition,598,Unspecified
BeltType_Module1_Module1NonMetallic_Input_ValuePrecision,599,Unspecified
BeltType_Module1_Module1NonMetallic_Input_InstrumentRange,600,Unspecified
BeltType_Module1_Module1NonMetallic_Input_EURange,601,Unspecified
BeltType_Module1_Module1NonMetallic_Input_EngineeringUnits,602,Unspecified
BeltType_Module1_Module1QuantityOpaque,603,Unspecified
BeltType_Module1_Module1QuantityOpaque_Input,604,Unspecified
BeltType_Module1_Module1QuantityOpaque_Input_Definition,605,Unspecified
BeltType_Module1_Module1QuantityOpaque_Input_ValuePrecision,606,Unspecified
BeltType_Module1_Module1QuantityOpaque_Input_InstrumentRange,607,Unspecified
BeltType_Module1_Module1QuantityOpaque_Input_EURange,608,Unspecified
BeltType_Module1_Module1QuantityOpaque_Input_EngineeringUnits,609,Unspecified
BeltType_Module1_Module1QuantityMetallic,610,Unspecified
BeltType_Module1_Module1QuantityMetallic_Input,611,Unspecified
BeltType_Module1_Module1QuantityMetallic_Input_Definition,612,Unspecified
BeltType_Module1_Module1QuantityMetallic_Input_ValuePrecision,613,Unspecified
BeltType_Module1_Module1QuantityMetallic_Input_InstrumentRange,614,Unspecified
BeltType_Module1_Module1QuantityMetallic_Input_EURange,615,Unspecified
BeltType_Module1_Module1QuantityMetallic_Input_EngineeringUnits,616,Unspecified
BeltType_Module1_Module1QuantityNonMetallic,617,Unspecified
BeltType_Module1_Module1QuantityNonMetallic_Input,618,Unspecified
BeltType_Module1_Module1QuantityNonMetallic_Input_Definition,619,Unspecified
BeltType_Module1_Module1QuantityNonMetallic_Input_ValuePrecision,620,Unspecified
BeltType_Module1_Module1QuantityNonMetallic_Input_InstrumentRange,621,Unspecified
BeltType_Module1_Module1QuantityNonMetallic_Input_EURange,622,Unspecified
BeltType_Module1_Module1QuantityNonMetallic_Input_EngineeringUnits,623,Unspecified
BeltType_Module1_Module1Motor,624,Unspecified
BeltType_Module1_Module1Motor_Speed,625,Unspecified
BeltType_Module1_Module1Motor_Speed_Definition,626,Unspecified
BeltType_Module1_Module1Motor_Speed_ValuePrecision,627,Unspecified
BeltType_Module1_Module1Motor_Speed_InstrumentRange,628,Unspecified
BeltType_Module1_Module1Motor_Speed_EURange,629,Unspecified
BeltType_Module1_Module1Motor_Speed_EngineeringUnits,630,Unspecified
BeltType_Module2_Module2Barrier1,631,Unspecified
BeltType_Module2_Module2Barrier1_Output,632,Unspecified
BeltType_Module2_Module2Barrier1_Output_Definition,633,Unspecified
BeltType_Module2_Module2Barrier1_Output_ValuePrecision,634,Unspecified
BeltType_Module2_Module2Barrier1_Output_InstrumentRange,635,Unspecified
BeltType_Module2_Module2Barrier1_Output_EURange,636,Unspecified
BeltType_Module2_Module2Barrier1_Output_EngineeringUnits,637,Unspecified
BeltType_Module2_Module2Barrier2,638,Unspecified
BeltType_Module2_Module2Barrier2_Output,639,Unspecified
BeltType_Module2_Module2Barrier2_Output_Definition,640,Unspecified
BeltType_Module2_Module2Barrier2_Output_ValuePrecision,641,Unspecified
BeltType_Module2_Module2Barrier2_Output_InstrumentRange,642,Unspecified
BeltType_Module2_Module2Barrier2_Output_EURange,643,Unspecified
BeltType_Module2_Module2Barrier2_Output_EngineeringUnits,644,Unspecified
BeltType_Module2_Module2Barrier3,645,Unspecified
BeltType_Module2_Module2Barrier3_Output,646,Unspecified
BeltType_Module2_Module2Barrier3_Output_Definition,647,Unspecified
BeltType_Module2_Module2Barrier3_Output_ValuePrecision,648,Unspecified
BeltType_Module2_Module2Barrier3_Output_InstrumentRange,649,Unspecified
BeltType_Module2_Module2Barrier3_Output_EURange,650,Unspecified
BeltType_Module2_Module2Barrier3_Output_EngineeringUnits,651,Unspecified
BeltType_Module2_Module2PhotoSensor,652,Unspecified
BeltType_Module2_Module2PhotoSensor_Output,653,Unspecified
BeltType_Module2_Module2PhotoSensor_Output_Definition,654,Unspecified
BeltType_Module2_Module2PhotoSensor_Output_ValuePrecision,655,Unspecified
BeltType_Module2_Module2PhotoSensor_Output_InstrumentRange,656,Unspecified
BeltType_Module2_Module2PhotoSensor_Output_EURange,657,Unspecified
BeltType_Module2_Module2PhotoSensor_Output_EngineeringUnits,658,Unspecified
BeltType_Module2_Module2Capacitive,659,Unspecified
BeltType_Module2_Module2Capacitive_Output,660,Unspecified
BeltType_Module2_Module2Capacitive_Output_Definition,661,Unspecified
BeltType_Module2_Module2Capacitive_Output_ValuePrecision,662,Unspecified
BeltType_Module2_Module2Capacitive_Output_InstrumentRange,663,Unspecified
BeltType_Module2_Module2Capacitive_Output_EURange,664,Unspecified
BeltType_Module2_Module2Capacitive_Output_EngineeringUnits,665,Unspecified
BeltType_Module2_Module2Inductive,666,Unspecified
BeltType_Module2_Module2Inductive_Output,667,Unspecified
BeltType_Module2_Module2Inductive_Output_Definition,668,Unspecified
BeltType_Module2_Module2Inductive_Output_ValuePrecision,669,Unspecified
BeltType_Module2_Module2Inductive_Output_InstrumentRange,670,Unspecified
BeltType_Module2_Module2Inductive_Output_EURange,671,Unspecified
BeltType_Module2_Module2Inductive_Output_EngineeringUnits,672,Unspecified
BeltType_Module2_Module2Error,673,Unspecified
BeltType_Module2_Module2Error_Input,674,Unspecified
BeltType_Module2_Module2Error_Input_Definition,675,Unspecified
BeltType_Module2_Module2Error_Input_ValuePrecision,676,Unspecified
BeltType_Module2_Module2Error_Input_InstrumentRange,677,Unspecified
BeltType_Module2_Module2Error_Input_EURange,678,Unspecified
BeltType_Module2_Module2Error_Input_EngineeringUnits,679,Unspecified
BeltType_Module2_Module2Motor,680,Unspecified
BeltType_Module2_Module2Motor_Speed,681,Unspecified
BeltType_Module2_Module2Motor_Speed_Definition,682,Unspecified
BeltType_Module2_Module2Motor_Speed_ValuePrecision,683,Unspecified
BeltType_Module2_Module2Motor_Speed_InstrumentRange,684,Unspecified
BeltType_Module2_Module2Motor_Speed_EURange,685,Unspecified
BeltType_Module2_Module2Motor_Speed_EngineeringUnits,686,Unspecified
BeltServer_Module1_Module1Error,687,Unspecified
BeltServer_Module1_Module1Error_Input,688,Unspecified
BeltServer_Module1_Module1Error_Input_Definition,689,Unspecified
BeltServer_Module1_Module1Error_Input_ValuePrecision,690,Unspecified
BeltServer_Module1_Module1Error_Input_InstrumentRange,691,Unspecified
BeltServer_Module1_Module1Error_Input_EURange,692,Unspecified
BeltServer_Module1_Module1Error_Input_EngineeringUnits,693,Unspecified
BeltServer_Module1_Module1Opaque,694,Unspecified
BeltServer_Module1_Module1Opaque_Input,695,Unspecified
BeltServer_Module1_Module1Opaque_Input_Definition,696,Unspecified
BeltServer_Module1_Module1Opaque_Input_ValuePrecision,697,Unspecified
BeltServer_Module1_Module1Opaque_Input_InstrumentRange,698,Unspecified
BeltServer_Module1_Module1Opaque_Input_EURange,699,Unspecified
BeltServer_Module1_Module1Opaque_Input_EngineeringUnits,700,Unspecified
BeltServer_Module1_Module1Metallic,701,Unspecified
BeltServer_Module1_Module1Metallic_Input,702,Unspecified
BeltServer_Module1_Module1Metallic_Input_Definition,703,Unspecified
BeltServer_Module1_Module1Metallic_Input_ValuePrecision,704,Unspecified
BeltServer_Module1_Module1Metallic_Input_InstrumentRange,705,Unspecified
BeltServer_Module1_Module1Metallic_Input_EURange,706,Unspecified
BeltServer_Module1_Module1Metallic_Input_EngineeringUnits,707,Unspecified
BeltServer_Module1_Module1NonMetallic,708,Unspecified
BeltServer_Module1_Module1NonMetallic_Input,709,Unspecified
BeltServer_Module1_Module1NonMetallic_Input_Definition,710,Unspecified
BeltServer_Module1_Module1NonMetallic_Input_ValuePrecision,711,Unspecified
BeltServer_Module1_Module1NonMetallic_Input_InstrumentRange,712,Unspecified
BeltServer_Module1_Module1NonMetallic_Input_EURange,713,Unspecified
BeltServer_Module1_Module1NonMetallic_Input_EngineeringUnits,714,Unspecified
BeltServer_Module1_Module1QuantityOpaque,715,Unspecified
BeltServer_Module1_Module1QuantityOpaque_Input,716,Unspecified
BeltServer_Module1_Module1QuantityOpaque_Input_Definition,717,Unspecified
BeltServer_Module1_Module1QuantityOpaque_Input_ValuePrecision,718,Unspecified
BeltServer_Module1_Module1QuantityOpaque_Input_InstrumentRange,719,Unspecified
BeltServer_Module1_Module1QuantityOpaque_Input_EURange,720,Unspecified
BeltServer_Module1_Module1QuantityOpaque_Input_EngineeringUnits,721,Unspecified
BeltServer_Module1_Module1QuantityMetallic,722,Unspecified
BeltServer_Module1_Module1QuantityMetallic_Input,723,Unspecified
BeltServer_Module1_Module1QuantityMetallic_Input_Definition,724,Unspecified
BeltServer_Module1_Module1QuantityMetallic_Input_ValuePrecision,725,Unspecified
BeltServer_Module1_Module1QuantityMetallic_Input_InstrumentRange,726,Unspecified
BeltServer_Module1_Module1QuantityMetallic_Input_EURange,727,Unspecified
BeltServer_Module1_Module1QuantityMetallic_Input_EngineeringUnits,728,Unspecified
BeltServer_Module1_Module1QuantityNonMetallic,729,Unspecified
BeltServer_Module1_Module1QuantityNonMetallic_Input,730,Unspecified
BeltServer_Module1_Module1QuantityNonMetallic_Input_Definition,731,Unspecified
BeltServer_Module1_Module1QuantityNonMetallic_Input_ValuePrecision,732,Unspecified
BeltServer_Module1_Module1QuantityNonMetallic_Input_InstrumentRange,733,Unspecified
BeltServer_Module1_Module1QuantityNonMetallic_Input_EURange,734,Unspecified
BeltServer_Module1_Module1QuantityNonMetallic_Input_EngineeringUnits,735,Unspecified
BeltServer_Module1_Module1Motor,736,Unspecified
BeltServer_Module1_Module1Motor_Speed,737,Unspecified
BeltServer_Module1_Module1Motor_Speed_Definition,738,Unspecified
BeltServer_Module1_Module1Motor_Speed_ValuePrecision,739,Unspecified
BeltServer_Module1_Module1Motor_Speed_InstrumentRange,740,Unspecified
BeltServer_Module1_Module1Motor_Speed_EURange,741,Unspecified
BeltServer_Module1_Module1Motor_Speed_EngineeringUnits,742,Unspecified
BeltServer_Module2_Module2Barrier1,743,Unspecified
BeltServer_Module2_Module2Barrier1_Output,744,Unspecified
BeltServer_Module2_Module2Barrier1_Output_Definition,745,Unspecified
BeltServer_Module2_Module2Barrier1_Output_ValuePrecision,746,Unspecified
BeltServer_Module2_Module2Barrier1_Output_InstrumentRange,747,Unspecified
BeltServer_Module2_Module2Barrier1_Output_EURange,748,Unspecified
BeltServer_Module2_Module2Barrier1_Output_EngineeringUnits,749,Unspecified
BeltServer_Module2_Module2Barrier2,750,Unspecified
BeltServer_Module2_Module2Barrier2_Output,751,Unspecified
BeltServer_Module2_Module2Barrier2_Output_Definition,752,Unspecified
BeltServer_Module2_Module2Barrier2_Output_ValuePrecision,753,Unspecified
BeltServer_Module2_Module2Barrier2_Output_InstrumentRange,754,Unspecified
BeltServer_Module2_Module2Barrier2_Output_EURange,755,Unspecified
BeltServer_Module2_Module2Barrier2_Output_EngineeringUnits,756,Unspecified
BeltServer_Module2_Module2Barrier3,757,Unspecified
BeltServer_Module2_Module2Barrier3_Output,758,Unspecified
BeltServer_Module2_Module2Barrier3_Output_Definition,759,Unspecified
BeltServer_Module2_Module2Barrier3_Output_ValuePrecision,760,Unspecified
BeltServer_Module2_Module2Barrier3_Output_InstrumentRange,761,Unspecified
BeltServer_Module2_Module2Barrier3_Output_EURange,762,Unspecified
BeltServer_Module2_Module2Barrier3_Output_EngineeringUnits,763,Unspecified
BeltServer_Module2_Module2PhotoSensor,764,Unspecified
BeltServer_Module2_Module2PhotoSensor_Output,765,Unspecified
BeltServer_Module2_Module2PhotoSensor_Output_Definition,766,Unspecified
BeltServer_Module2_Module2PhotoSensor_Output_ValuePrecision,767,Unspecified
BeltServer_Module2_Module2PhotoSensor_Output_InstrumentRange,768,Unspecified
BeltServer_Module2_Module2PhotoSensor_Output_EURange,769,Unspecified
BeltServer_Module2_Module2PhotoSensor_Output_EngineeringUnits,770,Unspecified
BeltServer_Module2_Module2Capacitive,771,Unspecified
BeltServer_Module2_Module2Capacitive_Output,772,Unspecified
BeltServer_Module2_Module2Capacitive_Output_Definition,773,Unspecified
BeltServer_Module2_Module2Capacitive_Output_ValuePrecision,774,Unspecified
BeltServer_Module2_Module2Capacitive_Output_InstrumentRange,775,Unspecified
BeltServer_Module2_Module2Capacitive_Output_EURange,776,Unspecified
BeltServer_Module2_Module2Capacitive_Output_EngineeringUnits,777,Unspecified
BeltServer_Module2_Module2Inductive,778,Unspecified
BeltServer_Module2_Module2Inductive_Output,779,Unspecified
BeltServer_Module2_Module2Inductive_Output_Definition,780,Unspecified
BeltServer_Module2_Module2Inductive_Output_ValuePrecision,781,Unspecified
BeltServer_Module2_Module2Inductive_Output_InstrumentRange,782,Unspecified
BeltServer_Module2_Module2Inductive_Output_EURange,783,Unspecified
BeltServer_Module2_Module2Inductive_Output_EngineeringUnits,784,Unspecified
BeltServer_Module2_Module2Error,785,Unspecified
BeltServer_Module2_Module2Error_Input,786,Unspecified
BeltServer_Module2_Module2Error_Input_Definition,787,Unspecified
BeltServer_Module2_Module2Error_Input_ValuePrecision,788,Unspecified
BeltServer_Module2_Module2Error_Input_InstrumentRange,789,Unspecified
BeltServer_Module2_Module2Error_Input_EURange,790,Unspecified
BeltServer_Module2_Module2Error_Input_EngineeringUnits,791,Unspecified
BeltServer_Module2_Module2Motor,792,Unspecified
BeltServer_Module2_Module2Motor_Speed,793,Unspecified
BeltServer_Module2_Module2Motor_Speed_Definition,794,Unspecified
BeltServer_Module2_Module2Motor_Speed_ValuePrecision,795,Unspecified
BeltServer_Module2_Module2Motor_Speed_InstrumentRange,796,Unspecified
BeltServer_Module2_Module2Motor_Speed_EURange,797,Unspecified
BeltServer_Module2_Module2Motor_Speed_EngineeringUnits,798,Unspecified
MotorType,799,ObjectType
MotorType_Speed,800,Unspecified
MotorType_Speed_Definition,801,Unspecified
MotorType_Speed_ValuePrecision,802,Unspecified
MotorType_Speed_InstrumentRange,803,Unspecified
MotorType_Speed_EURange,804,Unspecified
MotorType_Speed_EngineeringUnits,805,Unspecified
BusyIlumination,806,Unspecified
BusyIlumination_Input,807,Unspecified
BusyIlumination_Input_Definition,808,Unspecified
BusyIlumination_Input_ValuePrecision,809,Unspecified
BusyIlumination_Input_InstrumentRange,810,Unspecified
BusyIlumination_Input_EURange,811,Unspecified
BusyIlumination_Input_EngineeringUnits,812,Unspecified
Module1Type_Busy,813,Unspecified
Module1Type_Busy_Input,814,Unspecified
Module1Type_Busy_Input_Definition,815,Unspecified
Module1Type_Busy_Input_ValuePrecision,816,Unspecified
Module1Type_Busy_Input_InstrumentRange,817,Unspecified
Module1Type_Busy_Input_EURange,818,Unspecified
Module1Type_Busy_Input_EngineeringUnits,819,Unspecified
Module2Type_Busy,820,Unspecified
Module2Type_Busy_Input,821,Unspecified
Module2Type_Busy_Input_Definition,822,Unspecified
Module2Type_Busy_Input_ValuePrecision,823,Unspecified
Module2Type_Busy_Input_InstrumentRange,824,Unspecified
Module2Type_Busy_Input_EURange,825,Unspecified
Module2Type_Busy_Input_EngineeringUnits,826,Unspecified
BeltType_Module1_Busy,827,Unspecified
BeltType_Module1_Busy_Input,828,Unspecified
BeltType_Module1_Busy_Input_Definition,829,Unspecified
BeltType_Module1_Busy_Input_ValuePrecision,830,Unspecified
BeltType_Module1_Busy_Input_InstrumentRange,831,Unspecified
BeltType_Module1_Busy_Input_EURange,832,Unspecified
BeltType_Module1_Busy_Input_EngineeringUnits,833,Unspecified
BeltType_Module2_Busy,834,Unspecified
BeltType_Module2_Busy_Input,835,Unspecified
BeltType_Module2_Busy_Input_Definition,836,Unspecified
BeltType_Module2_Busy_Input_ValuePrecision,837,Unspecified
BeltType_Module2_Busy_Input_InstrumentRange,838,Unspecified
BeltType_Module2_Busy_Input_EURange,839,Unspecified
BeltType_Module2_Busy_Input_EngineeringUnits,840,Unspecified
BeltServer_Module1_Busy,841,Unspecified
BeltServer_Module1_Busy_Input,842,Unspecified
BeltServer_Module1_Busy_Input_Definition,843,Unspecified
BeltServer_Module1_Busy_Input_ValuePrecision,844,Unspecified
BeltServer_Module1_Busy_Input_InstrumentRange,845,Unspecified
BeltServer_Module1_Busy_Input_EURange,846,Unspecified
BeltServer_Module1_Busy_Input_EngineeringUnits,847,Unspecified
BeltServer_Module2_Busy,848,Unspecified
BeltServer_Module2_Busy_Input,849,Unspecified
BeltServer_Module2_Busy_Input_Definition,850,Unspecified
BeltServer_Module2_Busy_Input_ValuePrecision,851,Unspecified
BeltServer_Module2_Busy_Input_InstrumentRange,852,Unspecified
BeltServer_Module2_Busy_Input_EURange,853,Unspecified
BeltServer_Module2_Busy_Input_EngineeringUnits,854,Unspecified
GenericMotorType_Status,855,Variable
GenericMotorType_Status_Definition,856,Variable
GenericMotorType_Status_ValuePrecision,857,Variable
GenericMotorType_Status_InstrumentRange,858,Unspecified
GenericMotorType_Status_EURange,859,Unspecified
GenericMotorType_Status_EngineeringUnits,860,Unspecified
MotorType_Status,861,Variable
MotorType_Status_Definition,862,Variable
MotorType_Status_ValuePrecision,863,Variable
MotorType_Status_InstrumentRange,864,Unspecified
MotorType_Status_EURange,865,Unspecified
MotorType_Status_EngineeringUnits,866,Unspecified
Module1Type_Motor_Status,867,Unspecified
Module1Type_Motor_Status_Definition,868,Unspecified
Module1Type_Motor_Status_ValuePrecision,869,Unspecified
Module1Type_Motor_Status_InstrumentRange,870,Unspecified
Module1Type_Motor_Status_EURange,871,Unspecified
Module1Type_Motor_Status_EngineeringUnits,872,Unspecified
Module2Type_Motor_Status,873,Unspecified
Module2Type_Motor_Status_Definition,874,Unspecified
Module2Type_Motor_Status_ValuePrecision,875,Unspecified
Module2Type_Motor_Status_InstrumentRange,876,Unspecified
Module2Type_Motor_Status_EURange,877,Unspecified
Module2Type_Motor_Status_EngineeringUnits,878,Unspecified
BeltType_Module1_Motor_Status,879,Unspecified
BeltType_Module1_Motor_Status_Definition,880,Unspecified
BeltType_Module1_Motor_Status_ValuePrecision,881,Unspecified
BeltType_Module1_Motor_Status_InstrumentRange,882,Unspecified
BeltType_Module1_Motor_Status_EURange,883,Unspecified
BeltType_Module1_Motor_Status_EngineeringUnits,884,Unspecified
BeltType_Module2_Motor_Status,885,Unspecified
BeltType_Module2_Motor_Status_Definition,886,Unspecified
BeltType_Module2_Motor_Status_ValuePrecision,887,Unspecified
BeltType_Module2_Motor_Status_InstrumentRange,888,Unspecified
BeltType_Module2_Motor_Status_EURange,889,Unspecified
BeltType_Module2_Motor_Status_EngineeringUnits,890,Unspecified
BeltServer_Module1_Motor_Status,891,Unspecified
BeltServer_Module1_Motor_Status_Definition,892,Unspecified
BeltServer_Module1_Motor_Status_ValuePrecision,893,Unspecified
BeltServer_Module1_Motor_Status_InstrumentRange,894,Unspecified
BeltServer_Module1_Motor_Status_EURange,895,Unspecified
BeltServer_Module1_Motor_Status_EngineeringUnits,896,Unspecified
BeltServer_Module2_Motor_Status,897,Unspecified
BeltServer_Module2_Motor_Status_Definition,898,Unspecified
BeltServer_Module2_Motor_Status_ValuePrecision,899,Unspecified
BeltServer_Module2_Motor_Status_InstrumentRange,900,Unspecified
BeltServer_Module2_Motor_Status_EURange,901,Unspecified
BeltServer_Module2_Motor_Status_EngineeringUnits,902,Unspecified
BeltType_StartModule1Process,903,Unspecified
BeltType_StopModule1Process,904,Unspecified
BeltType_ResetModule1Process,905,Unspecified
BeltType_StartModule2Process,906,Unspecified
BeltType_StopModule2Process,907,Unspecified
BeltType_ResetModule2Process,908,Unspecified
BeltServer_StartModule1Process,909,Unspecified
BeltServer_StopModule1Process,910,Unspecified
BeltServer_ResetModule1Process,911,Unspecified
BeltServer_StartModule2Process,912,Unspecified
BeltServer_StopModule2Process,913,Unspecified
BeltServer_ResetModule2Process,914,Unspecified
TransparentPiece,915,ObjectType
TransparentPiece_Input,916,Variable
TransparentPiece_Input_Definition,917,Variable
TransparentPiece_Input_ValuePrecision,918,Variable
TransparentPiece_Input_InstrumentRange,919,Unspecified
TransparentPiece_Input_EURange,920,Unspecified
TransparentPiece_Input_EngineeringUnits,921,Unspecified
QuantityTransparentPiece,922,ObjectType
QuantityTransparentPiece_Input,923,Variable
QuantityTransparentPiece_Input_Definition,924,Variable
QuantityTransparentPiece_Input_ValuePrecision,925,Variable
QuantityTransparentPiece_Input_InstrumentRange,926,Variable
QuantityTransparentPiece_Input_EURange,927,Variable
QuantityTransparentPiece_Input_EngineeringUnits,928,Variable
Module1Type_Transparent,929,Object
Module1Type_Transparent_Input,930,Variable
Module1Type_Transparent_Input_Definition,931,Variable
Module1Type_Transparent_Input_ValuePrecision,932,Variable
Module1Type_Transparent_Input_InstrumentRange,933,Unspecified
Module1Type_Transparent_Input_EURange,934,Unspecified
Module1Type_Transparent_Input_EngineeringUnits,935,Unspecified
Module1Type_QuantityTransparent,936,Object
Module1Type_QuantityTransparent_Input,937,Variable
Module1Type_QuantityTransparent_Input_Definition,938,Variable
Module1Type_QuantityTransparent_Input_ValuePrecision,939,Variable
Module1Type_QuantityTransparent_Input_InstrumentRange,940,Variable
Module1Type_QuantityTransparent_Input_EURange,941,Variable
Module1Type_QuantityTransparent_Input_EngineeringUnits,942,Variable
BeltType_Module1_Transparent,943,Object
BeltType_Module1_Transparent_Input,944,Variable
BeltType_Module1_Transparent_Input_Definition,945,Variable
BeltType_Module1_Transparent_Input_ValuePrecision,946,Variable
BeltType_Module1_Transparent_Input_InstrumentRange,947,Unspecified
BeltType_Module1_Transparent_Input_EURange,948,Unspecified
BeltType_Module1_Transparent_Input_EngineeringUnits,949,Unspecified
BeltType_Module1_QuantityTransparent,950,Object
BeltType_Module1_QuantityTransparent_Input,951,Variable
BeltType_Module1_QuantityTransparent_Input_Definition,952,Variable
BeltType_Module1_QuantityTransparent_Input_ValuePrecision,953,Variable
BeltType_Module1_QuantityTransparent_Input_InstrumentRange,954,Variable
BeltType_Module1_QuantityTransparent_Input_EURange,955,Variable
BeltType_Module1_QuantityTransparent_Input_EngineeringUnits,956,Variable
BeltServer_Module1_Transparent,957,Object
BeltServer_Module1_Transparent_Input,958,Variable
BeltServer_Module1_Transparent_Input_Definition,959,Variable
BeltServer_Module1_Transparent_Input_ValuePrecision,960,Variable
BeltServer_Module1_Transparent_Input_InstrumentRange,961,Unspecified
BeltServer_Module1_Transparent_Input_EURange,962,Unspecified
BeltServer_Module1_Transparent_Input_EngineeringUnits,963,Unspecified
BeltServer_Module1_QuantityTransparent,964,Object
BeltServer_Module1_QuantityTransparent_Input,965,Variable
BeltServer_Module1_QuantityTransparent_Input_Definition,966,Variable
BeltServer_Module1_QuantityTransparent_Input_ValuePrecision,967,Variable
BeltServer_Module1_QuantityTransparent_Input_InstrumentRange,968,Variable
BeltServer_Module1_QuantityTransparent_Input_EURange,969,Variable
BeltServer_Module1_QuantityTransparent_Input_EngineeringUnits,970,Variable
GenericMotorType_JourneyTime,971,Variable
GenericMotorType_JourneyTime_Definition,972,Variable
GenericMotorType_JourneyTime_ValuePrecision,973,Variable
GenericMotorType_JourneyTime_InstrumentRange,974,Variable
GenericMotorType_JourneyTime_EURange,975,Variable
GenericMotorType_JourneyTime_EngineeringUnits,976,Variable
MotorType_JourneyTime,977,Variable
MotorType_JourneyTime_Definition,978,Variable
MotorType_JourneyTime_ValuePrecision,979,Variable
MotorType_JourneyTime_InstrumentRange,980,Variable
MotorType_JourneyTime_EURange,981,Variable
MotorType_JourneyTime_EngineeringUnits,982,Variable
Module1Type_Motor_JourneyTime,983,Unspecified
Module1Type_Motor_JourneyTime_Definition,984,Unspecified
Module1Type_Motor_JourneyTime_ValuePrecision,985,Unspecified
Module1Type_Motor_JourneyTime_InstrumentRange,986,Unspecified
Module1Type_Motor_JourneyTime_EURange,987,Unspecified
Module1Type_Motor_JourneyTime_EngineeringUnits,988,Unspecified
Module2Type_Motor_JourneyTime,989,Unspecified
Module2Type_Motor_JourneyTime_Definition,990,Unspecified
Module2Type_Motor_JourneyTime_ValuePrecision,991,Unspecified
Module2Type_Motor_JourneyTime_InstrumentRange,992,Unspecified
Module2Type_Motor_JourneyTime_EURange,993,Unspecified
Module2Type_Motor_JourneyTime_EngineeringUnits,994,Unspecified
BeltType_Module1_Motor_JourneyTime,995,Unspecified
BeltType_Module1_Motor_JourneyTime_Definition,996,Unspecified
BeltType_Module1_Motor_JourneyTime_ValuePrecision,997,Unspecified
BeltType_Module1_Motor_JourneyTime_InstrumentRange,998,Unspecified
BeltType_Module1_Motor_JourneyTime_EURange,999,Unspecified
BeltType_Module1_Motor_JourneyTime_EngineeringUnits,1000,Unspecified
BeltType_Module2_Motor_JourneyTime,1001,Unspecified
BeltType_Module2_Motor_JourneyTime_Definition,1002,Unspecified
BeltType_Module2_Motor_JourneyTime_ValuePrecision,1003,Unspecified
BeltType_Module2_Motor_JourneyTime_InstrumentRange,1004,Unspecified
BeltType_Module2_Motor_JourneyTime_EURange,1005,Unspecified
BeltType_Module2_Motor_JourneyTime_EngineeringUnits,1006,Unspecified
BeltServer_Module1_Motor_JourneyTime,1007,Unspecified
BeltServer_Module1_Motor_JourneyTime_Definition,1008,Unspecified
BeltServer_Module1_Motor_JourneyTime_ValuePrecision,1009,Unspecified
BeltServer_Module1_Motor_JourneyTime_InstrumentRange,1010,Unspecified
BeltServer_Module1_Motor_JourneyTime_EURange,1011,Unspecified
BeltServer_Module1_Motor_JourneyTime_EngineeringUnits,1012,Unspecified
BeltServer_Module2_Motor_JourneyTime,1013,Unspecified
BeltServer_Module2_Motor_JourneyTime_Definition,1014,Unspecified
BeltServer_Module2_Motor_JourneyTime_ValuePrecision,1015,Unspecified
BeltServer_Module2_Motor_JourneyTime_InstrumentRange,1016,Unspecified
BeltServer_Module2_Motor_JourneyTime_EURange,1017,Unspecified
BeltServer_Module2_Motor_JourneyTime_EngineeringUnits,1018,Unspecified
GenericMotorType_Interval,1019,Variable
GenericMotorType_Interval_Definition,1020,Variable
GenericMotorType_Interval_ValuePrecision,1021,Variable
GenericMotorType_Interval_InstrumentRange,1022,Variable
GenericMotorType_Interval_EURange,1023,Variable
GenericMotorType_Interval_EngineeringUnits,1024,Variable
IsAutoIlumination,1025,ObjectType
IsAutoIlumination_Input,1026,Variable
IsAutoIlumination_Input_Definition,1027,Variable
IsAutoIlumination_Input_ValuePrecision,1028,Variable
IsAutoIlumination_Input_InstrumentRange,1029,Unspecified
IsAutoIlumination_Input_EURange,1030,Unspecified
IsAutoIlumination_Input_EngineeringUnits,1031,Unspecified
IsModule1Ilumination,1032,ObjectType
IsModule1Ilumination_Input,1033,Variable
IsModule1Ilumination_Input_Definition,1034,Variable
IsModule1Ilumination_Input_ValuePrecision,1035,Variable
IsModule1Ilumination_Input_InstrumentRange,1036,Unspecified
IsModule1Ilumination_Input_EURange,1037,Unspecified
IsModule1Ilumination_Input_EngineeringUnits,1038,Unspecified
MotorType_Interval,1039,Variable
MotorType_Interval_Definition,1040,Variable
MotorType_Interval_ValuePrecision,1041,Variable
MotorType_Interval_InstrumentRange,1042,Variable
MotorType_Interval_EURange,1043,Variable
MotorType_Interval_EngineeringUnits,1044,Variable
Module1Type_Motor_Interval,1045,Unspecified
Module1Type_Motor_Interval_Definition,1046,Unspecified
Module1Type_Motor_Interval_ValuePrecision,1047,Unspecified
Module1Type_Motor_Interval_InstrumentRange,1048,Unspecified
Module1Type_Motor_Interval_EURange,1049,Unspecified
Module1Type_Motor_Interval_EngineeringUnits,1050,Unspecified
BeltType_IsAuto,1051,Object
BeltType_IsAuto_Input,1052,Variable
BeltType_IsAuto_Input_Definition,1053,Variable
BeltType_IsAuto_Input_ValuePrecision,1054,Variable
BeltType_IsAuto_Input_InstrumentRange,1055,Unspecified
BeltType_IsAuto_Input_EURange,1056,Unspecified
BeltType_IsAuto_Input_EngineeringUnits,1057,Unspecified
BeltType_IsModule1,1058,Object
BeltType_IsModule1_Input,1059,Variable
BeltType_IsModule1_Input_Definition,1060,Variable
BeltType_IsModule1_Input_ValuePrecision,1061,Variable
BeltType_IsModule1_Input_InstrumentRange,1062,Unspecified
BeltType_IsModule1_Input_EURange,1063,Unspecified
BeltType_IsModule1_Input_EngineeringUnits,1064,Unspecified
BeltType_Error,1065,Unspecified
BeltType_Error_Input,1066,Unspecified
BeltType_Error_Input_Definition,1067,Unspecified
BeltType_Error_Input_ValuePrecision,1068,Unspecified
BeltType_Error_Input_InstrumentRange,1069,Unspecified
BeltType_Error_Input_EURange,1070,Unspecified
BeltType_Error_Input_EngineeringUnits,1071,Unspecified
BeltType_Busy,1072,Unspecified
BeltType_Busy_Input,1073,Unspecified
BeltType_Busy_Input_Definition,1074,Unspecified
BeltType_Busy_Input_ValuePrecision,1075,Unspecified
BeltType_Busy_Input_InstrumentRange,1076,Unspecified
BeltType_Busy_Input_EURange,1077,Unspecified
BeltType_Busy_Input_EngineeringUnits,1078,Unspecified
BeltType_Motor,1079,Object
BeltType_Motor_JourneyTime,1080,Variable
BeltType_Motor_JourneyTime_Definition,1081,Variable
BeltType_Motor_JourneyTime_ValuePrecision,1082,Variable
BeltType_Motor_JourneyTime_InstrumentRange,1083,Variable
BeltType_Motor_JourneyTime_EURange,1084,Variable
BeltType_Motor_JourneyTime_EngineeringUnits,1085,Variable
BeltType_Motor_Interval,1086,Variable
BeltType_Motor_Interval_Definition,1087,Variable
BeltType_Motor_Interval_ValuePrecision,1088,Variable
BeltType_Motor_Interval_InstrumentRange,1089,Variable
BeltType_Motor_Interval_EURange,1090,Variable
BeltType_Motor_Interval_EngineeringUnits,1091,Variable
BeltType_Motor_Status,1092,Variable
BeltType_Motor_Status_Definition,1093,Variable
BeltType_Motor_Status_ValuePrecision,1094,Variable
BeltType_Motor_Status_InstrumentRange,1095,Unspecified
BeltType_Motor_Status_EURange,1096,Unspecified
BeltType_Motor_Status_EngineeringUnits,1097,Unspecified
BeltType_Module1_Motor_Interval,1098,Unspecified
BeltType_Module1_Motor_Interval_Definition,1099,Unspecified
BeltType_Module1_Motor_Interval_ValuePrecision,1100,Unspecified
BeltType_Module1_Motor_Interval_InstrumentRange,1101,Unspecified
BeltType_Module1_Motor_Interval_EURange,1102,Unspecified
BeltType_Module1_Motor_Interval_EngineeringUnits,1103,Unspecified
BeltType_SelectModule1Process,1104,Unspecified
BeltType_SelectModule2Process,1105,Unspecified
BeltType_AddTransparentPieceProcess,1106,Method
BeltType_AddMetallicPieceProcess,1107,Method
BeltType_AddNonMetallicPieceProcess,1108,Method
BeltType_SelectAutomaticProcess,1109,Unspecified
BeltServer_IsAuto,1110,Object
BeltServer_IsAuto_Input,1111,Variable
BeltServer_IsAuto_Input_Definition,1112,Variable
BeltServer_IsAuto_Input_ValuePrecision,1113,Variable
BeltServer_IsAuto_Input_InstrumentRange,1114,Unspecified
BeltServer_IsAuto_Input_EURange,1115,Unspecified
BeltServer_IsAuto_Input_EngineeringUnits,1116,Unspecified
BeltServer_IsModule1,1117,Object
BeltServer_IsModule1_Input,1118,Variable
BeltServer_IsModule1_Input_Definition,1119,Variable
BeltServer_IsModule1_Input_ValuePrecision,1120,Variable
BeltServer_IsModule1_Input_InstrumentRange,1121,Unspecified
BeltServer_IsModule1_Input_EURange,1122,Unspecified
BeltServer_IsModule1_Input_EngineeringUnits,1123,Unspecified
BeltServer_Error,1124,Unspecified
BeltServer_Error_Input,1125,Unspecified
BeltServer_Error_Input_Definition,1126,Unspecified
BeltServer_Error_Input_ValuePrecision,1127,Unspecified
BeltServer_Error_Input_InstrumentRange,1128,Unspecified
BeltServer_Error_Input_EURange,1129,Unspecified
BeltServer_Error_Input_EngineeringUnits,1130,Unspecified
BeltServer_Busy,1131,Unspecified
BeltServer_Busy_Input,1132,Unspecified
BeltServer_Busy_Input_Definition,1133,Unspecified
BeltServer_Busy_Input_ValuePrecision,1134,Unspecified
BeltServer_Busy_Input_InstrumentRange,1135,Unspecified
BeltServer_Busy_Input_EURange,1136,Unspecified
BeltServer_Busy_Input_EngineeringUnits,1137,Unspecified
BeltServer_Motor,1138,Object
BeltServer_Motor_JourneyTime,1139,Variable
BeltServer_Motor_JourneyTime_Definition,1140,Variable
BeltServer_Motor_JourneyTime_ValuePrecision,1141,Variable
BeltServer_Motor_JourneyTime_InstrumentRange,1142,Variable
BeltServer_Motor_JourneyTime_EURange,1143,Variable
BeltServer_Motor_JourneyTime_EngineeringUnits,1144,Variable
BeltServer_Motor_Interval,1145,Variable
BeltServer_Motor_Interval_Definition,1146,Variable
BeltServer_Motor_Interval_ValuePrecision,1147,Variable
BeltServer_Motor_Interval_InstrumentRange,1148,Variable
BeltServer_Motor_Interval_EURange,1149,Variable
BeltServer_Motor_Interval_EngineeringUnits,1150,Variable
BeltServer_Motor_Status,1151,Variable
BeltServer_Motor_Status_Definition,1152,Variable
BeltServer_Motor_Status_ValuePrecision,1153,Variable
BeltServer_Motor_Status_InstrumentRange,1154,Unspecified
BeltServer_Motor_Status_EURange,1155,Unspecified
BeltServer_Motor_Status_EngineeringUnits,1156,Unspecified
BeltServer_Module1_Motor_Interval,1157,Unspecified
BeltServer_Module1_Motor_Interval_Definition,1158,Unspecified
BeltServer_Module1_Motor_Interval_ValuePrecision,1159,Unspecified
BeltServer_Module1_Motor_Interval_InstrumentRange,1160,Unspecified
BeltServer_Module1_Motor_Interval_EURange,1161,Unspecified
BeltServer_Module1_Motor_Interval_EngineeringUnits,1162,Unspecified
BeltServer_SelectModule1Process,1163,Unspecified
BeltServer_SelectModule2Process,1164,Unspecified
BeltServer_AddTransparentPieceProcess,1165,Method
BeltServer_AddMetallicPieceProcess,1166,Method
BeltServer_AddNonMetallicPieceProcess,1167,Method
BeltServer_SelectAutomaticProcess,1168,Unspecified
IsBusyIlumination,1169,ObjectType
IsBusyIlumination_Input,1170,Variable
IsBusyIlumination_Input_Definition,1171,Variable
IsBusyIlumination_Input_ValuePrecision,1172,Variable
IsBusyIlumination_Input_InstrumentRange,1173,Unspecified
IsBusyIlumination_Input_EURange,1174,Unspecified
IsBusyIlumination_Input_EngineeringUnits,1175,Unspecified
IsErrorIlumination,1176,ObjectType
IsErrorIlumination_Input,1177,Variable
IsErrorIlumination_Input_Definition,1178,Variable
IsErrorIlumination_Input_ValuePrecision,1179,Variable
IsErrorIlumination_Input_InstrumentRange,1180,Unspecified
IsErrorIlumination_Input_EURange,1181,Unspecified
IsErrorIlumination_Input_EngineeringUnits,1182,Unspecified
BeltType_IsError,1183,Object
BeltType_IsError_Input,1184,Variable
BeltType_IsError_Input_Definition,1185,Variable
BeltType_IsError_Input_ValuePrecision,1186,Variable
BeltType_IsError_Input_InstrumentRange,1187,Unspecified
BeltType_IsError_Input_EURange,1188,Unspecified
BeltType_IsError_Input_EngineeringUnits,1189,Unspecified
BeltType_IsBusy,1190,Object
BeltType_IsBusy_Input,1191,Variable
BeltType_IsBusy_Input_Definition,1192,Variable
BeltType_IsBusy_Input_ValuePrecision,1193,Variable
BeltType_IsBusy_Input_InstrumentRange,1194,Unspecified
BeltType_IsBusy_Input_EURange,1195,Unspecified
BeltType_IsBusy_Input_EngineeringUnits,1196,Unspecified
BeltServer_IsError,1197,Object
BeltServer_IsError_Input,1198,Variable
BeltServer_IsError_Input_Definition,1199,Variable
BeltServer_IsError_Input_ValuePrecision,1200,Variable
BeltServer_IsError_Input_InstrumentRange,1201,Unspecified
BeltServer_IsError_Input_EURange,1202,Unspecified
BeltServer_IsError_Input_EngineeringUnits,1203,Unspecified
BeltServer_IsBusy,1204,Object
BeltServer_IsBusy_Input,1205,Variable
BeltServer_IsBusy_Input_Definition,1206,Variable
BeltServer_IsBusy_Input_ValuePrecision,1207,Variable
BeltServer_IsBusy_Input_InstrumentRange,1208,Unspecified
BeltServer_IsBusy_Input_EURange,1209,Unspecified
BeltServer_IsBusy_Input_EngineeringUnits,1210,Unspecified
BeltType_SelectManualProcess,1211,Unspecified
BeltServer_SelectManualProcess,1212,Unspecified
